"Fertility, by age, by state",,,,,,,,,,,,,,,
Measure: Births,,,,,,,,,,,,,,,
Frequency: Annual,,,,,,,,,,,,,,,
Unit of measure: Number,,,,,,,,,,,,,,,
,,,,,,,,,,,,,,,
Time Period,Time Period,2000,2001,2002,2003,2004,2005,2006,2007,2008,2009,2010,2011,2012,2013
Region,,,,,,,,,,,,,,,
Age: All ages,,,,,,,,,,,,,,,
Australia,,249636,246394,250988,251161,254246,264493,270849,292152,302272,301253,303318,301617,309582,308065
·  New South Wales,,86752,84578,86583,86344,85894,91224,92188,96351,100276,98231,101266,99054,98508,100462
·  Victoria,,59171,58626,61478,61058,62417,63297,65245,70325,71184,70928,70572,71444,77405,73969
·  Queensland,,47278,47678,47771,48342,49940,51707,52695,61306,63168,66149,64523,63253,63837,63354
·  South Australia,,17859,17281,17665,17443,17140,17801,18260,19666,20229,19735,20078,19892,20433,20090
·  Western Australia,,25093,24002,23601,24273,25295,26253,27777,29165,31851,30879,31424,32259,33627,34516
·  Tasmania,,5692,6430,6003,5752,5809,6310,6475,6663,6775,6627,6385,6608,6168,6049
·  Northern Territory,,3685,3822,3724,3790,3551,3660,3696,3896,3944,3820,3899,3954,4104,4053
·  Australian Capital Territory,,4065,3938,4112,4128,4174,4210,4484,4757,4808,4860,5152,5121,5461,5545
Age: 15-19,,,,,,,,,,,,,,,
Australia,,11474,11704,11505,10811,10857,11151,11005,11835,12932,12702,11865,11344,11420,10407
·  New South Wales,,3627,3727,3643,3301,3310,3374,3399,3409,3821,3613,3573,3306,3180,3016
·  Victoria,,1729,1849,1830,1673,1713,1642,1653,1732,1864,1764,1513,1618,1830,1624
·  Queensland,,2897,2905,2915,2821,2883,2768,2725,3295,3645,4026,3667,3296,3308,2996
·  South Australia,,757,730,786,751,686,943,848,904,953,836,807,800,818,700
·  Western Australia,,1408,1325,1292,1286,1371,1446,1392,1485,1686,1514,1449,1460,1413,1322
·  Tasmania,,439,543,450,419,397,419,405,438,449,443,358,399,382,348
·  Northern Territory,,491,509,459,458,402,448,471,449,413,391,388,353,387,307
·  Australian Capital Territory,,124,116,129,101,94,109,108,123,95,115,107,110,101,93
Age: 15,,,,,,,,,,,,,,,
Australia,,384,423,383,376,356,389,360,458,467,505,433,392,405,371
·  New South Wales,,109,129,126,97,110,109,103,117,132,108,112,98,96,105
·  Victoria,,41,55,42,43,51,43,37,49,56,44,28,41,59,55
·  Queensland,,89,103,85,113,83,89,67,124,123,179,147,115,106,88
·  South Australia,,21,11,18,23,13,24,31,34,33,38,22,24,26,22
·  Western Australia,,58,58,52,59,60,59,45,66,60,72,71,56,58,58
·  Tasmania,,14,12,11,11,10,7,16,15,16,22,19,14,16,13
·  Northern Territory,,51,52,46,28,26,56,57,49,45,39,32,43,39,27
·  Australian Capital Territory,,3,1,3,4,3,1,4,1,2,4,3,2,5,3
Age: 16,,,,,,,,,,,,,,,
Australia,,989,968,990,951,886,938,912,943,1101,1052,977,932,887,788
·  New South Wales,,285,274,297,272,261,281,275,257,328,282,294,274,233,222
·  Victoria,,128,149,122,130,126,121,108,112,137,140,108,122,134,107
·  Queensland,,264,236,272,250,246,231,220,262,312,348,295,279,261,233
·  South Australia,,64,58,57,38,37,79,80,75,77,79,58,62,67,47
·  Western Australia,,117,127,121,136,126,139,124,138,169,120,122,129,112,112
·  Tasmania,,45,45,48,40,31,27,33,36,36,34,40,26,35,27
·  Northern Territory,,76,70,59,77,53,54,64,54,34,42,52,32,41,31
·  Australian Capital Territory,,10,9,14,8,5,6,8,9,7,7,7,8,1,9
Age: 17,,,,,,,,,,,,,,,
Australia,,2105,2074,1993,1917,1940,2017,1899,2093,2177,2277,1951,1917,2037,1811
·  New South Wales,,681,635,636,541,558,560,542,586,598,636,588,589,587,510
·  Victoria,,272,283,301,286,284,276,273,293,304,298,235,259,318,269
·  Queensland,,540,566,503,487,538,519,496,588,668,739,629,551,589,525
·  South Australia,,130,119,133,136,130,180,149,160,147,135,140,107,127,124
·  Western Australia,,263,240,216,264,274,272,255,279,282,281,229,246,269,240
·  Tasmania,,82,109,91,94,67,96,74,79,89,83,47,82,59,71
·  Northern Territory,,107,106,90,92,73,96,94,88,73,82,65,66,70,57
·  Australian Capital Territory,,29,16,23,17,16,18,15,20,15,23,18,16,18,15
Age: 18,,,,,,,,,,,,,,,
Australia,,3254,3311,3287,3023,3169,3111,3098,3287,3685,3492,3290,3190,3255,2951
·  New South Wales,,989,1038,1006,930,954,984,951,955,1119,972,967,931,881,856
·  Victoria,,490,526,503,460,468,471,458,491,534,463,403,403,535,447
·  Queensland,,864,828,882,804,851,724,788,909,1028,1150,1026,937,951,873
·  South Australia,,200,234,233,250,233,268,239,244,279,226,231,255,234,216
·  Western Australia,,412,375,366,324,388,416,396,419,459,411,427,402,392,345
·  Tasmania,,131,157,129,116,136,109,120,123,121,138,95,130,119,105
·  Northern Territory,,126,133,132,112,108,112,111,105,117,105,107,94,113,88
·  Australian Capital Territory,,41,20,36,27,31,26,34,41,27,27,34,38,30,21
Age: 19,,,,,,,,,,,,,,,
Australia,,4742,4928,4852,4544,4506,4696,4736,5054,5502,5376,5214,4913,4836,4486
·  New South Wales,,1563,1651,1578,1461,1427,1440,1528,1494,1644,1615,1612,1414,1383,1323
·  Victoria,,798,836,862,754,784,731,777,787,833,819,739,793,784,746
·  Queensland,,1140,1172,1173,1167,1165,1205,1154,1412,1514,1610,1570,1414,1401,1277
·  South Australia,,342,308,345,304,273,392,349,391,417,358,356,352,364,291
·  Western Australia,,558,525,537,503,523,560,572,583,716,630,600,627,582,567
·  Tasmania,,167,220,171,158,153,180,162,185,187,166,157,147,153,132
·  Northern Territory,,131,148,132,149,142,130,145,153,144,123,132,118,124,104
·  Australian Capital Territory,,43,68,53,47,39,57,48,49,44,55,46,47,44,46
Age: 20-24,,,,,,,,,,,,,,,
Australia,,37604,37208,36782,36302,36146,37756,38450,42609,44150,43536,43187,41769,42367,41351
·  New South Wales,,13062,12712,12625,12360,12133,12843,12849,13458,14068,13367,13948,13058,12817,12672
·  Victoria,,7002,7121,7192,7118,6879,6917,7049,7864,7967,7781,7468,7646,8484,7771
·  Queensland,,8298,8472,8237,8285,8517,8810,8916,10744,11172,11802,11373,10746,10700,10637
·  South Australia,,2589,2569,2529,2491,2411,2772,2857,3094,3154,3019,3043,2886,2920,2885
·  Western Australia,,4214,3864,3744,3731,3969,4001,4324,4743,5069,4945,4842,4848,4992,5007
·  Tasmania,,1166,1212,1160,1014,1070,1148,1167,1302,1309,1265,1193,1243,1061,1094
·  Northern Territory,,768,776,818,827,758,803,807,896,893,847,802,839,861,801
·  Australian Capital Territory,,498,476,467,473,405,455,474,504,509,507,509,491,526,478
Age: 20,,,,,,,,,,,,,,,
Australia,,5424,5717,5613,5425,5358,5720,5645,6244,6461,6492,6414,6316,6123,5774
·  New South Wales,,1833,1874,1879,1798,1681,1832,1836,1917,2067,1906,1980,1985,1831,1754
·  Victoria,,946,990,976,948,940,954,946,1054,1027,1023,971,1075,1073,969
·  Queensland,,1195,1366,1373,1314,1402,1442,1387,1635,1735,1904,1758,1699,1729,1544
·  South Australia,,398,435,397,385,374,433,438,450,463,425,490,446,428,414
·  Western Australia,,634,638,581,561,593,660,675,738,752,804,778,721,696,702
·  Tasmania,,204,223,210,184,176,188,180,216,206,204,207,191,163,183
·  Northern Territory,,138,131,134,171,137,140,132,172,141,146,162,133,136,147
·  Australian Capital Territory,,76,60,60,63,55,71,50,62,68,79,67,66,67,61
Age: 21,,,,,,,,,,,,,,,
Australia,,6376,6198,6536,6313,6337,6453,6609,7334,7467,7264,7279,7074,7089,6884
·  New South Wales,,2182,2100,2223,2053,2137,2160,2223,2232,2321,2243,2382,2161,2165,2112
·  Victoria,,1118,1090,1236,1224,1132,1100,1133,1278,1294,1176,1147,1187,1364,1239
·  Queensland,,1471,1451,1508,1479,1539,1527,1555,1938,1951,1986,2001,1934,1810,1813
·  South Australia,,417,443,456,451,393,509,481,548,523,514,455,498,448,490
·  Western Australia,,742,681,663,672,724,703,753,838,879,881,830,833,876,834
·  Tasmania,,223,200,199,190,199,225,217,240,241,218,230,221,188,185
·  Northern Territory,,146,163,176,166,148,145,168,167,179,177,154,160,157,151
·  Australian Capital Territory,,76,70,74,78,64,81,76,93,78,69,79,79,80,59
Age: 22,,,,,,,,,,,,,,,
Australia,,7243,7369,7040,7196,7128,7423,7557,8444,8945,8616,8501,8118,8434,8417
·  New South Wales,,2564,2520,2408,2515,2372,2507,2474,2743,2885,2566,2733,2514,2594,2598
·  Victoria,,1342,1403,1393,1391,1397,1356,1392,1529,1606,1494,1482,1410,1666,1550
·  Queensland,,1564,1709,1574,1669,1666,1761,1759,2121,2255,2422,2254,2155,2135,2203
·  South Australia,,497,496,485,454,473,549,558,589,660,618,617,570,552,575
·  Western Australia,,799,747,708,741,769,790,851,941,1004,993,941,946,983,988
·  Tasmania,,227,255,233,186,197,208,237,254,262,256,212,247,204,222
·  Northern Territory,,148,154,149,152,159,171,176,173,177,161,153,175,195,175
·  Australian Capital Territory,,99,82,90,87,94,80,108,94,94,105,108,97,103,105
Age: 23,,,,,,,,,,,,,,,
Australia,,8541,8331,8109,8016,8276,8447,8756,9591,9806,9842,9655,9374,9618,9601
·  New South Wales,,2979,2927,2868,2755,2837,2938,2916,2985,3097,3057,3107,3013,2865,2929
·  Victoria,,1566,1630,1608,1579,1606,1592,1691,1832,1799,1893,1745,1766,1995,1895
·  Queensland,,1927,1861,1780,1805,1875,1908,1970,2387,2462,2573,2535,2300,2361,2420
·  South Australia,,607,548,559,560,567,599,643,721,722,683,685,623,706,649
·  Western Australia,,906,842,782,829,910,899,1024,1076,1139,1063,1057,1089,1150,1199
·  Tasmania,,250,262,246,208,233,260,263,285,291,275,250,285,235,235
·  Northern Territory,,183,149,169,156,147,151,163,203,178,178,166,171,184,166
·  Australian Capital Territory,,121,112,94,123,100,99,86,101,116,119,106,122,121,107
Age: 24,,,,,,,,,,,,,,,
Australia,,10020,9593,9484,9352,9047,9713,9883,10996,11471,11322,11338,10887,11103,10675
·  New South Wales,,3504,3291,3247,3239,3106,3406,3400,3581,3698,3595,3746,3385,3362,3279
·  Victoria,,2030,2008,1979,1976,1804,1915,1887,2171,2241,2195,2123,2208,2386,2118
·  Queensland,,2141,2085,2002,2018,2035,2172,2245,2663,2769,2917,2825,2658,2665,2657
·  South Australia,,670,647,632,641,604,682,737,786,786,779,796,749,786,757
·  Western Australia,,1133,956,1010,928,973,949,1021,1150,1295,1204,1236,1259,1287,1284
·  Tasmania,,262,272,272,246,265,267,270,307,309,312,294,299,271,269
·  Northern Territory,,153,179,190,182,167,196,168,181,218,185,167,200,189,162
·  Australian Capital Territory,,126,152,149,122,92,124,154,154,153,135,149,127,155,146
Age: 25-29,,,,,,,,,,,,,,,
Australia,,78409,73711,71820,69604,68846,70784,71637,77871,80535,82379,83260,84160,86008,84951
·  New South Wales,,27500,25673,25164,24448,23709,24601,24755,25838,26742,26643,27407,27271,26839,27132
·  Victoria,,18256,16929,16830,16170,16072,16031,16102,17761,17647,18650,18479,19106,20660,19421
·  Queensland,,15422,14729,14273,13824,14078,14440,14626,17005,17771,18754,18179,18443,18493,18206
·  South Australia,,5376,4968,4914,4778,4567,4994,4996,5408,5576,5717,5929,5880,6059,5893
·  Western Australia,,7749,7191,6866,6764,6880,7006,7376,7766,8613,8478,8926,9166,9578,9807
·  Tasmania,,1769,1901,1646,1539,1576,1637,1636,1725,1852,1839,1852,1824,1747,1795
·  Northern Territory,,1034,1084,962,964,926,991,939,1034,1076,975,1099,1112,1132,1184
·  Australian Capital Territory,,1296,1222,1150,1103,1029,1081,1200,1324,1248,1312,1387,1352,1489,1505
Age: 25,,,,,,,,,,,,,,,
Australia,,11969,11109,10654,10680,10682,10923,11412,12646,12988,13187,12952,12906,12685,12601
·  New South Wales,,4315,3890,3648,3802,3701,3836,3936,4090,4265,4111,4223,4016,3919,3932
·  Victoria,,2478,2274,2325,2213,2260,2299,2289,2703,2588,2726,2570,2718,2735,2684
·  Queensland,,2473,2313,2238,2266,2315,2308,2537,2929,3091,3218,3095,3044,2923,2914
·  South Australia,,821,785,745,712,711,772,864,912,873,996,956,953,923,848
·  Western Australia,,1203,1140,1085,1119,1100,1101,1133,1304,1452,1397,1386,1498,1479,1536
·  Tasmania,,273,306,288,231,285,282,295,317,329,341,357,301,304,311
·  Northern Territory,,210,225,177,192,175,165,185,197,229,194,190,184,209,202
·  Australian Capital Territory,,195,175,143,144,134,159,172,191,160,201,175,191,190,171
Age: 26,,,,,,,,,,,,,,,
Australia,,13508,12782,12506,12384,12203,12618,12749,14052,14826,15183,15005,14892,15032,14866
·  New South Wales,,4744,4446,4399,4301,4215,4299,4381,4705,4940,4848,4832,4713,4664,4653
·  Victoria,,3059,2830,2727,2773,2698,2765,2736,3026,3065,3290,3177,3312,3433,3225
·  Queensland,,2719,2631,2597,2641,2589,2641,2698,3226,3388,3561,3447,3446,3375,3317
·  South Australia,,897,903,858,812,820,898,901,961,1035,1087,1085,999,1037,1071
·  Western Australia,,1369,1265,1238,1153,1220,1283,1330,1370,1627,1634,1688,1636,1767,1801
·  Tasmania,,299,330,312,311,287,336,336,321,363,352,332,335,314,322
·  Northern Territory,,222,187,186,198,191,205,178,217,194,194,209,236,211,226
·  Australian Capital Territory,,198,186,186,188,182,191,187,221,212,217,234,215,231,251
Age: 27,,,,,,,,,,,,,,,
Australia,,15916,14697,14557,13716,13671,14110,14302,15388,16166,16834,16937,17147,17412,17036
·  New South Wales,,5645,5045,5232,4849,4696,4939,4986,5099,5414,5564,5659,5527,5327,5453
·  Victoria,,3619,3417,3350,3187,3134,3083,3167,3511,3451,3835,3707,3846,4238,3850
·  Queensland,,3141,3057,2873,2754,2856,2933,2871,3350,3584,3714,3636,3745,3783,3688
·  South Australia,,1112,971,971,924,914,1030,1016,1131,1186,1149,1213,1245,1224,1157
·  Western Australia,,1546,1363,1384,1354,1370,1386,1488,1478,1698,1708,1844,1884,1946,1962
·  Tasmania,,403,386,315,282,307,322,335,354,353,391,383,390,348,369
·  Northern Territory,,191,213,194,174,193,218,178,189,226,203,224,237,225,248
·  Australian Capital Territory,,258,243,237,191,199,199,261,275,250,267,271,270,317,306
Age: 28,,,,,,,,,,,,,,,
Australia,,17950,16591,16147,15659,15300,15881,15842,17440,17658,18185,18693,19066,19741,19327
·  New South Wales,,6291,5789,5672,5496,5292,5483,5507,5733,5834,5890,6204,6356,6169,6256
·  Victoria,,4325,3892,3894,3690,3640,3732,3712,4098,4007,4231,4250,4439,4883,4566
·  Queensland,,3512,3268,3062,2999,3062,3199,3125,3771,3859,4116,3987,4071,4164,4028
·  South Australia,,1206,1105,1140,1120,1011,1143,1082,1160,1226,1222,1307,1280,1403,1351
·  Western Australia,,1717,1633,1551,1533,1540,1533,1636,1796,1823,1804,1988,2040,2108,2122
·  Tasmania,,374,388,348,363,340,337,304,372,401,393,381,367,407,397
·  Northern Territory,,205,207,198,194,172,214,200,206,216,221,242,230,238,236
·  Australian Capital Territory,,318,308,279,260,240,239,272,303,291,306,334,282,368,370
Age: 29,,,,,,,,,,,,,,,
Australia,,19066,18532,17956,17165,16990,17252,17332,18345,18897,18990,19673,20149,21138,21121
·  New South Wales,,6505,6503,6213,6000,5805,6044,5945,6211,6289,6230,6489,6659,6760,6838
·  Victoria,,4775,4516,4534,4307,4340,4152,4198,4423,4536,4568,4775,4791,5371,5096
·  Queensland,,3577,3460,3503,3164,3256,3359,3395,3729,3849,4145,4014,4137,4248,4259
·  South Australia,,1340,1204,1200,1210,1111,1151,1133,1244,1256,1263,1368,1403,1472,1466
·  Western Australia,,1914,1790,1608,1605,1650,1703,1789,1818,2013,1935,2020,2108,2278,2386
·  Tasmania,,420,491,383,352,357,360,366,361,406,362,399,431,374,396
·  Northern Territory,,206,252,207,206,195,189,198,225,211,163,234,225,249,272
·  Australian Capital Territory,,327,310,305,320,274,293,308,334,335,321,373,394,383,407
Age: 30-34,,,,,,,,,,,,,,,
Australia,,78663,79784,84052,86077,87395,90175,90936,94713,95355,94179,95175,95688,100431,102577
·  New South Wales,,27088,26980,28749,29352,29423,31444,31191,31854,32131,31487,32076,32060,32488,34089
·  Victoria,,20778,21162,22838,23098,23754,23674,24136,24843,24544,24079,24280,24596,26988,26333
·  Queensland,,13557,14234,14830,15486,15800,16407,16554,18445,18268,18701,18604,18181,19042,19308
·  South Australia,,5807,5758,6000,5921,5923,5795,5825,6248,6292,5974,6150,6198,6425,6585
·  Western Australia,,7654,7569,7654,8067,8395,8610,8915,9006,9646,9502,9633,10022,10730,11339
·  Tasmania,,1539,1838,1608,1698,1628,1798,1744,1763,1814,1729,1651,1764,1646,1712
·  Northern Territory,,882,952,948,945,903,870,921,872,946,968,958,986,1072,1114
·  Australian Capital Territory,,1340,1277,1408,1503,1559,1569,1643,1677,1709,1735,1820,1874,2030,2090
Age: 30,,,,,,,,,,,,,,,
Australia,,18381,18615,19071,18185,17789,18029,17974,19002,19334,19656,19789,20289,21696,21909
·  New South Wales,,6289,6305,6623,6275,6014,6360,6129,6349,6567,6541,6618,6730,6920,7210
·  Victoria,,4673,4750,4900,4693,4732,4486,4507,4762,4750,4847,4828,5008,5695,5484
·  Queensland,,3298,3503,3538,3438,3349,3329,3463,3866,3801,4112,4078,4090,4220,4272
·  South Australia,,1349,1300,1288,1196,1156,1256,1235,1297,1328,1263,1321,1329,1407,1485
·  Western Australia,,1836,1815,1809,1697,1671,1713,1805,1839,1989,1989,2001,2132,2335,2395
·  Tasmania,,376,425,391,381,361,397,335,362,367,363,354,401,383,370
·  Northern Territory,,227,214,213,189,160,189,176,185,208,212,212,205,257,275
·  Australian Capital Territory,,333,301,306,314,344,299,324,342,321,328,376,392,477,416
Age: 31,,,,,,,,,,,,,,,
Australia,,17653,17622,18933,19301,18543,18824,18801,19835,20117,19705,20309,20841,21681,22547
·  New South Wales,,6125,5839,6453,6643,6369,6570,6550,6726,6797,6572,7010,6877,6944,7513
·  Victoria,,4665,4679,5120,5056,4909,4825,4830,5067,5067,4918,5112,5386,5744,5616
·  Queensland,,3061,3173,3356,3501,3447,3508,3469,3888,3872,3987,3875,3994,4159,4385
·  South Australia,,1289,1284,1370,1330,1220,1240,1243,1308,1378,1289,1300,1406,1453,1473
·  Western Australia,,1679,1663,1746,1849,1734,1764,1793,1945,2052,1982,2059,2171,2316,2475
·  Tasmania,,361,421,376,371,366,387,372,371,360,381,360,374,344,410
·  Northern Territory,,189,240,191,206,190,188,189,186,221,200,216,220,249,234
·  Australian Capital Territory,,278,317,316,344,308,340,352,342,370,375,376,413,469,438
Age: 32,,,,,,,,,,,,,,,
Australia,,15866,16531,17174,18210,18614,18645,18829,19446,19686,19251,19791,19608,20575,21242
·  New South Wales,,5429,5544,5808,6124,6209,6546,6394,6533,6503,6525,6629,6698,6688,7056
·  Victoria,,4296,4480,4786,4972,5087,4919,5065,5179,5038,4922,5050,5047,5496,5440
·  Queensland,,2654,2895,2979,3286,3382,3473,3421,3725,3906,3666,3909,3660,3875,3963
·  South Australia,,1178,1232,1240,1252,1241,1095,1125,1321,1304,1255,1338,1171,1333,1333
·  Western Australia,,1571,1541,1491,1733,1847,1765,1894,1818,1991,1993,1965,2133,2222,2395
·  Tasmania,,290,390,329,358,322,363,370,374,395,339,335,353,330,362
·  Northern Territory,,173,201,219,199,204,173,205,176,194,190,178,178,207,229
·  Australian Capital Territory,,271,246,318,285,321,310,354,319,355,359,386,368,423,464
Age: 33,,,,,,,,,,,,,,,
Australia,,14292,14519,15477,16035,17443,18192,18176,18603,18728,18293,18340,18238,19240,19341
·  New South Wales,,4940,4959,5285,5426,5757,6232,6242,6237,6305,6074,6116,6079,6327,6456
·  Victoria,,3829,3935,4327,4357,4954,4887,4914,5033,5015,4737,4811,4776,5309,5096
·  Queensland,,2440,2503,2678,2853,3022,3307,3234,3537,3481,3617,3548,3382,3544,3506
·  South Australia,,1035,1041,1124,1142,1241,1179,1187,1196,1184,1116,1128,1191,1165,1188
·  Western Australia,,1370,1375,1371,1471,1664,1763,1716,1765,1892,1891,1920,1899,2025,2183
·  Tasmania,,284,312,270,303,312,339,362,326,357,319,287,351,323,304
·  Northern Territory,,147,180,171,184,175,150,188,166,164,203,158,208,188,202
·  Australian Capital Territory,,242,213,247,296,315,333,331,341,329,336,372,350,359,405
Age: 34,,,,,,,,,,,,,,,
Australia,,12471,12497,13397,14346,15006,16485,17156,17827,17490,17274,16946,16712,17239,17538
·  New South Wales,,4305,4333,4580,4884,5074,5736,5876,6009,5959,5775,5703,5676,5609,5854
·  Victoria,,3315,3318,3705,4020,4072,4557,4820,4802,4674,4655,4479,4379,4744,4697
·  Queensland,,2104,2160,2279,2408,2600,2790,2967,3429,3208,3319,3194,3055,3244,3182
·  South Australia,,956,901,978,1001,1065,1025,1035,1126,1098,1051,1063,1101,1067,1106
·  Western Australia,,1198,1175,1237,1317,1479,1605,1707,1639,1722,1647,1688,1687,1832,1891
·  Tasmania,,228,290,242,285,267,312,305,330,335,327,315,285,266,266
·  Northern Territory,,146,117,154,167,174,170,163,159,159,163,194,175,171,174
·  Australian Capital Territory,,216,200,221,264,271,287,282,333,334,337,310,351,302,367
Age: 35-39,,,,,,,,,,,,,,,
Australia,,36803,36733,38621,39876,42139,45366,49031,54458,57643,56576,57261,55628,55832,55119
·  New South Wales,,13027,12878,13505,13988,14273,15740,16668,18204,19568,19135,19968,18987,18595,18812
·  Victoria,,9758,9733,10782,10851,11737,12637,13718,15231,15946,15393,15401,14962,15743,15055
·  Queensland,,6082,6238,6306,6637,7208,7781,8360,10006,10318,10779,10457,10344,10010,9871
·  South Australia,,2766,2648,2827,2842,2898,2739,3182,3354,3509,3441,3409,3325,3392,3223
·  Western Australia,,3459,3403,3422,3695,3939,4343,4869,5199,5748,5359,5409,5463,5593,5660
·  Tasmania,,655,777,698,697,752,827,879,966,986,965,967,963,916,859
·  Northern Territory,,402,405,430,490,466,465,470,549,514,520,544,528,511,517
·  Australian Capital Territory,,649,646,644,671,864,826,882,947,1048,980,1104,1052,1065,1118
Age: 35,,,,,,,,,,,,,,,
Australia,,10892,10733,11463,11857,12970,13679,15160,16432,16554,15694,15531,15098,15545,15475
·  New South Wales,,3755,3736,3960,4069,4336,4685,5158,5503,5575,5380,5302,5028,5070,5306
·  Victoria,,2896,2903,3261,3342,3632,3865,4243,4503,4533,4261,4180,4028,4318,4248
·  Queensland,,1858,1739,1911,1976,2261,2343,2583,3081,2978,2997,2867,2922,2868,2685
·  South Australia,,834,748,821,814,888,834,996,1050,1018,907,927,948,990,912
·  Western Australia,,1065,1037,1005,1087,1218,1299,1513,1567,1665,1451,1544,1490,1586,1616
·  Tasmania,,200,228,227,200,242,258,278,271,297,276,286,243,265,244
·  Northern Territory,,116,133,109,162,135,138,130,157,152,151,140,148,136,126
·  Australian Capital Territory,,168,207,168,207,258,254,258,299,334,271,285,291,310,338
Age: 36,,,,,,,,,,,,,,,
Australia,,9131,8989,9241,9622,10273,11495,12030,13533,14264,13685,13641,13245,13107,13116
·  New South Wales,,3254,3092,3198,3358,3517,3947,4085,4517,4866,4643,4771,4486,4387,4546
·  Victoria,,2443,2383,2557,2594,2837,3222,3355,3813,3878,3644,3681,3596,3684,3515
·  Queensland,,1490,1561,1547,1625,1717,1986,2060,2499,2588,2646,2521,2442,2314,2345
·  South Australia,,658,678,672,691,708,696,778,832,887,838,770,784,774,793
·  Western Australia,,852,839,795,917,1004,1086,1188,1276,1434,1322,1287,1304,1352,1356
·  Tasmania,,157,188,169,170,179,217,221,268,242,223,203,241,200,200
·  Northern Territory,,86,98,103,115,111,129,130,129,133,113,125,137,131,105
·  Australian Capital Territory,,188,149,196,152,200,211,211,198,234,255,282,254,263,255
Age: 37,,,,,,,,,,,,,,,
Australia,,7203,7206,7525,7714,7951,8697,9479,10407,11477,11636,11549,11029,11076,10795
·  New South Wales,,2506,2515,2662,2704,2672,3042,3178,3434,3903,3938,4079,3825,3703,3610
·  Victoria,,1918,1892,2086,2092,2213,2415,2672,2915,3227,3154,2969,2912,3136,2942
·  Queensland,,1219,1261,1176,1269,1368,1517,1607,1921,2065,2203,2165,2061,1947,1994
·  South Australia,,557,519,568,538,558,501,608,635,670,726,712,647,633,598
·  Western Australia,,671,673,668,747,751,813,971,1007,1119,1130,1082,1097,1125,1142
·  Tasmania,,139,147,140,128,132,165,170,186,197,195,196,185,210,167
·  Northern Territory,,72,67,107,105,82,87,103,114,101,107,114,92,111,126
·  Australian Capital Territory,,121,131,118,129,173,155,170,195,195,183,232,208,210,215
Age: 38,,,,,,,,,,,,,,,
Australia,,5581,5643,5895,6079,6249,6632,7111,8216,8773,8982,9405,9064,8895,8724
·  New South Wales,,2060,2017,2107,2173,2111,2400,2455,2749,2953,2979,3326,3197,3022,2946
·  Victoria,,1438,1500,1631,1639,1776,1834,1986,2339,2512,2564,2596,2460,2541,2410
·  Queensland,,887,983,908,986,1063,1100,1210,1448,1525,1643,1679,1591,1561,1598
·  South Australia,,404,391,437,455,415,385,476,486,535,575,548,529,551,499
·  Western Australia,,522,476,567,535,561,629,661,800,849,815,837,871,855,889
·  Tasmania,,95,125,87,120,120,106,110,152,148,164,158,158,141,139
·  Northern Territory,,77,55,50,60,59,63,67,97,77,86,89,86,68,78
·  Australian Capital Territory,,97,95,106,110,144,114,146,145,173,153,172,171,156,164
Age: 39,,,,,,,,,,,,,,,
Australia,,3996,4162,4497,4604,4696,4863,5251,5870,6575,6579,7135,7192,7209,7009
·  New South Wales,,1452,1518,1578,1684,1637,1666,1792,2001,2271,2195,2490,2451,2413,2404
·  Victoria,,1063,1055,1247,1184,1279,1301,1462,1661,1796,1770,1975,1966,2064,1940
·  Queensland,,628,694,764,781,799,835,900,1057,1162,1290,1225,1328,1320,1249
·  South Australia,,313,312,329,344,329,323,324,351,399,395,452,417,444,421
·  Western Australia,,349,378,387,409,405,516,536,549,681,641,659,701,675,657
·  Tasmania,,64,89,75,79,79,81,100,89,102,107,124,136,100,109
·  Northern Territory,,51,52,61,48,79,48,40,52,51,63,76,65,65,82
·  Australian Capital Territory,,75,64,56,73,89,92,97,110,112,118,133,128,126,146
Age: 40-44,,,,,,,,,,,,,,,
Australia,,6342,6812,7362,7706,8183,8504,8814,9824,10916,11048,11710,12144,12538,12931
·  New South Wales,,2343,2463,2733,2743,2886,3060,3149,3409,3780,3770,4093,4130,4303,4474
·  Victoria,,1586,1761,1911,2053,2161,2282,2466,2725,3051,3101,3200,3314,3501,3562
·  Queensland,,982,1055,1156,1237,1396,1448,1425,1700,1876,1976,2119,2129,2164,2226
·  South Australia,,524,570,567,625,609,528,517,623,691,686,684,767,767,773
·  Western Australia,,591,622,592,684,708,804,850,915,1027,1023,1106,1215,1216,1298
·  Tasmania,,117,148,153,131,135,149,151,189,200,183,195,223,212,224
·  Northern Territory,,97,91,102,97,91,78,85,89,98,112,101,134,130,124
·  Australian Capital Territory,,100,102,147,135,197,152,170,172,193,195,212,231,241,249
Age: 40,,,,,,,,,,,,,,,
Australia,,2671,2794,3109,3222,3397,3435,3630,4088,4515,4602,4926,5109,5164,5185
·  New South Wales,,1011,1019,1144,1175,1188,1229,1249,1403,1545,1582,1732,1675,1812,1791
·  Victoria,,667,724,814,838,888,961,1039,1121,1262,1271,1330,1436,1385,1441
·  Queensland,,406,457,494,508,596,556,590,724,781,826,890,872,891,923
·  South Australia,,205,216,236,267,235,219,207,277,289,270,309,336,318,298
·  Western Australia,,247,255,246,276,306,324,368,379,440,449,452,538,512,502
·  Tasmania,,40,51,63,54,50,62,64,76,72,84,89,96,86,72
·  Northern Territory,,49,34,47,37,41,28,38,35,41,42,43,58,61,48
·  Australian Capital Territory,,45,38,65,66,93,55,74,71,85,77,81,97,97,109
Age: 41,,,,,,,,,,,,,,,
Australia,,1730,1894,2018,2159,2127,2410,2373,2696,3024,3039,3217,3287,3457,3615
·  New South Wales,,611,672,729,770,799,881,829,916,1061,1024,1135,1143,1186,1254
·  Victoria,,438,496,568,583,529,628,697,751,819,885,903,844,998,1006
·  Queensland,,278,282,326,345,365,427,393,480,523,538,561,616,590,608
·  South Australia,,150,154,132,167,157,150,135,155,195,185,162,224,200,227
·  Western Australia,,170,177,158,203,181,227,215,267,294,282,306,307,321,358
·  Tasmania,,34,54,46,30,37,36,40,53,52,47,50,62,54,66
·  Northern Territory,,23,25,22,31,16,23,17,26,27,28,29,33,41,37
·  Australian Capital Territory,,25,34,36,30,43,38,47,48,53,50,71,58,65,59
Age: 42,,,,,,,,,,,,,,,
Australia,,1053,1170,1200,1305,1440,1367,1551,1552,1828,1829,1951,2054,2080,2197
·  New South Wales,,388,415,470,450,478,504,593,543,586,632,671,734,714,763
·  Victoria,,274,318,288,343,420,347,407,451,543,492,524,569,591,587
·  Queensland,,170,169,188,225,236,253,243,258,319,330,384,345,349,346
·  South Australia,,87,101,104,109,106,78,97,95,127,124,116,123,134,143
·  Western Australia,,89,104,89,108,122,118,152,137,167,154,189,192,197,240
·  Tasmania,,25,28,19,32,27,28,24,31,45,32,23,31,33,54
·  Northern Territory,,8,17,22,17,19,11,12,13,11,23,14,20,14,19
·  Australian Capital Territory,,12,18,20,21,32,27,23,24,30,41,30,40,48,45
Age: 43,,,,,,,,,,,,,,,
Australia,,574,641,691,671,825,847,833,964,1019,1028,1082,1127,1211,1258
·  New South Wales,,207,254,258,223,278,290,310,344,385,335,382,398,393,453
·  Victoria,,135,148,162,195,240,219,219,270,286,286,297,287,339,336
·  Queensland,,88,91,102,101,132,142,138,148,168,200,186,199,225,224
·  South Australia,,49,57,60,54,72,55,49,60,51,65,61,59,77,66
·  Western Australia,,58,60,65,67,61,92,70,93,80,91,102,127,113,120
·  Tasmania,,14,11,19,9,13,15,19,18,22,16,23,23,34,21
·  Northern Territory,,10,12,8,10,12,10,12,10,16,18,11,13,10,14
·  Australian Capital Territory,,13,8,17,12,17,23,16,21,11,17,20,21,20,24
Age: 44,,,,,,,,,,,,,,,
Australia,,314,313,344,349,394,445,427,524,530,550,534,567,626,676
·  New South Wales,,126,103,132,125,143,156,168,203,203,197,173,180,198,213
·  Victoria,,72,75,79,94,84,127,104,132,141,167,146,178,188,192
·  Queensland,,40,56,46,58,67,70,61,90,85,82,98,97,109,125
·  South Australia,,33,42,35,28,39,26,29,36,29,42,36,25,38,39
·  Western Australia,,27,26,34,30,38,43,45,39,46,47,57,51,73,78
·  Tasmania,,3,1,6,6,8,8,4,11,9,3,10,11,5,11
·  Northern Territory,,7,3,3,3,3,6,6,5,4,4,3,10,3,6
·  Australian Capital Territory,,5,3,9,6,12,9,10,8,14,10,10,15,11,12
Age: 45-49,,,,,,,,,,,,,,,
Australia,,262,290,305,330,379,368,447,516,519,572,604,661,736,670
·  New South Wales,,101,116,104,114,143,148,162,171,165,206,196,239,284,265
·  Victoria,,60,66,78,72,95,100,113,153,154,150,172,200,198,200
·  Queensland,,36,45,53,50,55,51,86,105,96,91,114,97,109,96
·  South Australia,,34,26,32,30,38,25,26,31,46,48,44,32,49,27
·  Western Australia,,17,23,23,37,27,27,44,31,42,46,49,68,70,57
·  Tasmania,,6,2,6,13,3,6,6,10,7,11,10,13,12,7
·  Northern Territory,,5,5,3,5,4,5,3,5,1,3,7,3,5,6
·  Australian Capital Territory,,2,8,5,9,15,6,7,10,6,16,12,10,9,12
Age: 45,,,,,,,,,,,,,,,
Australia,,152,140,165,183,197,183,198,240,246,268,298,307,328,287
·  New South Wales,,53,58,52,60,68,71,65,86,80,95,102,101,113,109
·  Victoria,,36,31,46,45,57,54,52,69,74,69,79,96,89,83
·  Queensland,,22,18,31,26,30,26,40,48,43,36,62,45,58,48
·  South Australia,,24,15,13,14,18,16,12,11,25,24,20,13,21,13
·  Western Australia,,7,10,17,24,14,10,20,15,16,28,19,39,32,23
·  Tasmania,,2,2,1,9,1,3,3,3,1,4,5,7,5,1
·  Northern Territory,,4,2,1,2,3,1,0,1,2,1,2,1,5,1
·  Australian Capital Territory,,1,1,4,3,6,3,5,5,3,9,8,5,5,6
Age: 46,,,,,,,,,,,,,,,
Australia,,56,74,78,70,93,100,120,135,123,150,134,154,173,166
·  New South Wales,,23,27,33,26,39,40,46,47,44,53,38,53,76,71
·  Victoria,,12,18,17,16,22,27,31,40,33,35,41,47,44,38
·  Queensland,,8,18,10,9,10,12,17,31,27,31,27,21,21,22
·  South Australia,,7,6,10,7,9,3,7,5,8,10,8,10,10,10
·  Western Australia,,5,4,4,5,7,13,14,6,10,10,14,17,18,21
·  Tasmania,,0,0,1,1,1,1,1,1,0,6,2,2,1,1
·  Northern Territory,,1,4,3,2,2,4,1,0,0,4,3,3,0,3
·  Australian Capital Territory,,0,1,1,1,4,2,1,3,2,4,2,2,1,1
Age: 47,,,,,,,,,,,,,,,
Australia,,21,37,30,36,33,38,52,57,51,70,75,86,100,82
·  New South Wales,,5,17,12,14,12,19,20,21,15,27,25,44,43,35
·  Victoria,,7,8,5,6,3,10,10,17,19,21,20,20,28,32
·  Queensland,,1,5,1,5,7,2,16,7,10,7,11,9,10,8
·  South Australia,,2,4,4,3,6,2,0,6,0,7,11,5,6,0
·  Western Australia,,4,1,4,1,3,4,3,3,4,7,6,1,10,5
·  Tasmania,,3,0,2,3,0,0,4,0,4,0,4,1,2,2
·  Northern Territory,,4,1,0,3,0,0,3,3,0,0,0,0,0,0
·  Australian Capital Territory,,0,0,0,0,1,1,0,0,4,1,3,3,3,4
Age: 48,,,,,,,,,,,,,,,
Australia,,13,13,10,18,18,16,35,34,44,33,34,36,55,56
·  New South Wales,,9,2,1,5,1,9,16,7,14,13,10,13,21,20
·  Victoria,,4,3,5,1,7,4,7,11,10,9,12,13,11,21
·  Queensland,,4,1,3,5,2,1,6,9,7,9,5,2,10,7
·  South Australia,,0,0,2,4,4,0,1,3,7,3,2,0,2,2
·  Western Australia,,2,3,0,1,2,0,2,1,2,3,4,5,6,3
·  Tasmania,,0,0,0,0,0,0,0,4,1,0,0,2,4,0
·  Northern Territory,,0,0,0,0,0,0,0,0,0,0,3,0,0,1
·  Australian Capital Territory,,0,0,0,4,2,0,0,2,2,0,1,0,1,1
Age: 49,,,,,,,,,,,,,,,
Australia,,20,26,22,23,38,31,42,50,55,51,63,78,80,79
·  New South Wales,,11,10,5,9,20,9,15,10,12,18,21,28,31,30
·  Victoria,,3,6,5,2,7,6,13,16,18,16,20,24,26,26
·  Queensland,,1,2,6,5,7,5,7,10,9,8,9,18,10,11
·  South Australia,,0,2,5,4,2,1,2,6,6,6,4,2,8,3
·  Western Australia,,2,6,4,4,2,3,4,3,10,0,7,3,4,5
·  Tasmania,,0,0,0,0,0,0,0,1,0,3,3,0,0,2
·  Northern Territory,,0,0,0,0,0,3,0,0,0,0,4,0,0,1
·  Australian Capital Territory,,0,2,0,2,0,1,0,4,0,2,0,2,2,0
